Domain,Status,Attractiveness,Demand,Length,Sectors,Created,Expires,Registrar
one.study,available,132,44%,3,"Business,General,Media,Technology",,,
brief.study,available,124,19%,5,"Business,Education,General,Law",,,
second.study,available,120,23%,6,"General,Mathematics",,,
complete.study,available,120,21%,8,"Manufacturing,Retail,Technology",,,
wizard.study,available,118,42%,6,"Entertainment,Media,Technology",,,
flat.study,available,116,24%,4,"Construction,Real Estate",,,
tenth.study,available,116,7%,5,Mathematics,,,
equal.study,available,116,19%,5,"Education,General,Law",,,
tonic.study,available,114,22%,5,"Health and Fitness,Medicine,Science",,,
above.study,available,112,22%,5,Business,,,
hotshot.study,available,112,14%,7,"Business,Entertainment,Sports",,,
acute.study,available,112,9%,5,"Mathematics,Medicine,Science",,,
abiding.study,available,106,5%,7,"General,Religion",,,
teen.study,available,104,14%,4,"Education,Entertainment,Healthcare",,,
active.study,available,104,27%,6,"Health and Fitness,Sports,Travel",,,
extra.study,available,102,26%,5,"Fashion,Retail,Technology",,,
eight.study,available,102,23%,5,"General,Mathematics",,,
captive.study,available,102,14%,7,"Entertainment,Hospitality,Technology",,,
absent.study,available,102,8%,6,"Business,Education,Technology",,,
ninth.study,available,100,9%,5,Mathematics,,,
crack.study,available,100,20%,5,Sports,,,
abrupt.study,available,100,3%,6,"Medicine,Science",,,
eighth.study,available,100,6%,6,Mathematics,,,
third.study,available,100,16%,5,Mathematics,,,
remove.study,available,100,13%,6,"Construction,Manufacturing,Technology",,,
adjunct.study,available,100,5%,7,Education,,,
sixth.study,available,100,8%,5,Mathematics,,,
doable.study,available,96,9%,6,"Business,Education,Technology",,,
alamode.study,available,96,12%,9,Fashion,,,
actual.study,available,96,22%,6,"Real Estate,Retail,Technology",,,
forgiving.study,available,96,3%,9,"Healthcare,Religion",,,
about.study,available,94,28%,5,"Business,General,Media,Technology",,,
around.study,available,94,22%,6,"Business,General,Media,Technology",,,
adequate.study,available,94,9%,8,"Education,Healthcare,Technology",,,
virtuoso.study,available,94,16%,8,"Arts,Entertainment",,,
abject.study,available,94,7%,6,Humanities,,,
next.study,available,92,43%,4,"Retail,Technology,Transportation",,,
neutral.study,available,92,20%,7,"Business,Media,Politics",,,
adept.study,available,92,24%,5,"Education,Health and Fitness,Sports",,,
derelict.study,available,92,7%,8,"Construction,Real Estate",,,
adjective.study,available,92,5%,9,Education,,,
nought.study,available,92,4%,6,Mathematics,,,
exemplary.study,available,92,5%,9,"Business,Education,Healthcare",,,
twentieth.study,available,92,3%,9,Mathematics,,,
addictive.study,available,90,9%,9,Healthcare,,,
gripping.study,available,90,3%,8,"Entertainment,Media,Technology",,,
adoring.study,available,90,2%,7,"Entertainment,Fashion,Retail",,,
leash.study,available,90,7%,5,"General,Health and Fitness,Retail",,,
endearing.study,available,90,1%,9,"Entertainment,Fashion,Retail",,,
abortive.study,available,90,1%,8,"Medicine,Science",,,
riveting.study,available,90,6%,8,"Entertainment,Media,Technology",,,
additional.study,available,90,8%,10,"Fashion,Retail,Technology",,,
sixteen.study,available,88,11%,7,Mathematics,,,
wide.study,available,88,18%,4,"Business,Media,Technology",,,
ten.study,available,88,28%,3,"General,Mathematics",,,
ace.study,available,88,34%,3,Sports,,,
fifteen.study,available,88,13%,7,Mathematics,,,
eleven.study,available,88,33%,6,Mathematics,,,
actionable.study,available,88,13%,10,"Business,Law",,,
hundred.study,available,88,14%,7,Mathematics,,,
activist.study,available,88,12%,8,"Humanities,Politics",,,
twelve.study,available,88,18%,6,"General,Mathematics",,,
three.study,available,88,24%,5,Mathematics,,,
proficient.study,available,88,8%,10,"Education,Health and Fitness,Sports",,,
adlib.study,available,88,7%,6,Entertainment,,,
adolescent.study,available,86,3%,10,"Education,Entertainment,Healthcare",,,
engrossing.study,available,86,0%,10,"Entertainment,Media,Technology",,,
aboriginal.study,available,86,10%,10,Humanities,,,
attendant.study,available,86,5%,9,"Healthcare,Hospitality,Transportation",,,
recondite.study,available,86,4%,9,"Arts,Humanities,Science",,,
intent.study,available,86,25%,6,"Business,Education,Technology",,,
extempore.study,available,86,3%,9,Entertainment,,,
cipher.study,available,86,29%,6,Mathematics,,,
xiv.study,available,86,12%,3,Mathematics,,,
xix.study,available,86,11%,3,Mathematics,,,
seventeen.study,available,84,7%,9,Mathematics,,,
twentytwo.study,available,84,11%,10,Mathematics,,,
sharp.study,available,84,34%,5,"Arts,Fashion",,,
fourteen.study,available,84,8%,8,Mathematics,,,
acting.study,available,84,12%,6,Entertainment,,,
adjustable.study,available,84,3%,10,"Manufacturing,Retail,Technology",,,
thousand.study,available,84,8%,8,Mathematics,,,
thirteen.study,available,84,10%,8,Mathematics,,,
deviate.study,available,84,12%,7,"Medicine,Science",,,
nineteen.study,available,84,8%,8,Mathematics,,,
accessory.study,available,84,8%,9,"Fashion,Retail,Technology",,,
grand.study,available,84,25%,5,"Finance,General",,,
twentyone.study,available,84,13%,10,Mathematics,,,
cleansing.study,available,82,3%,9,Health and Fitness,,,
abkhaz.study,available,82,1%,6,Geography,,,
impromptu.study,available,82,16%,9,Entertainment,,,
fivesome.study,available,82,1%,8,Sports,,,
dozen.study,available,82,10%,5,Mathematics,,,
enduring.study,available,82,9%,8,"Health and Fitness,Religion",,,
decade.study,available,82,10%,6,Mathematics,,,
absorbent.study,available,82,3%,9,"Healthcare,Manufacturing,Retail",,,
altered.study,available,82,9%,7,"Medicine,Science",,,
good.study,available,82,47%,4,"Food and Beverage,General,Health and Fitness,Retail",,,
abroach.study,available,82,1%,7,Food and Beverage,,,
abenaki.study,available,82,2%,7,Geography,,,
abdominal.study,available,82,1%,9,"Health and Fitness,Medicine",,,
able.study,available,80,29%,4,"Business,Education,General,Technology",,,
abundant.study,available,80,19%,8,"Agriculture,Manufacturing,Retail",,,
twenty.study,available,80,12%,6,Mathematics,,,
nine.study,available,80,24%,4,"General,Mathematics",,,
worshipful.study,available,80,1%,10,"Education,Healthcare,Religion",,,
absorbable.study,available,80,0%,10,"Healthcare,Pharmaceuticals,Science",,,
yard.study,available,80,26%,4,"Construction,General",,,
absolute.study,available,80,25%,8,"Engineering,Mathematics,Science",,,
adoptable.study,available,80,3%,9,"Education,Healthcare",,,
absurd.study,available,80,16%,6,"Arts,Entertainment,Media",,,
superstar.study,available,80,18%,9,Entertainment,,,
wiz.study,available,80,30%,3,"Business,Education,Technology",,,
trio.study,available,80,21%,4,Entertainment,,,
first.study,available,80,36%,5,"General,Mathematics",,,
seventh.study,available,80,10%,7,Mathematics,,,
dorsal.study,available,80,6%,6,"Medicine,Science",,,
two.study,available,80,24%,3,Mathematics,,,
sequent.study,available,80,7%,7,"Healthcare,Insurance,Transportation",,,
capable.study,available,80,12%,7,"Business,Education,Technology",,,
forty.study,available,80,9%,5,Mathematics,,,
some.study,available,80,32%,4,"Business,Media,Retail",,,
twentysix.study,available,78,8%,10,Mathematics,,,
accepted.study,available,78,6%,8,"Business,Education,Technology",,,
acceptable.study,available,78,5%,10,"Business,Hospitality,Retail",,,
abkhasian.study,available,78,1%,9,Geography,,,
absorptive.study,available,78,1%,10,"Healthcare,Manufacturing,Retail",,,
honestly.study,available,78,9%,8,"Business,Law",,,
accessible.study,available,78,21%,10,"Healthcare,Retail,Technology",,,
accurate.study,available,78,16%,8,"Engineering,Mathematics,Science",,,
adjacent.study,available,78,9%,8,"Construction,Real Estate,Retail",,,
athletic.study,available,78,15%,8,"Health and Fitness,Sports",,,
abkhazian.study,available,78,1%,9,Geography,,,
adorable.study,available,78,8%,8,"Entertainment,Fashion,Retail",,,
dormant.study,available,78,4%,7,"Medicine,Science",,,
recognized.study,available,78,3%,10,"Business,Education,Technology",,,
abounding.study,available,78,2%,9,Agriculture,,,
acceptant.study,available,78,1%,9,"Education,Healthcare",,,
accidental.study,available,78,11%,10,"Healthcare,Insurance,Transportation",,,
recognised.study,available,78,3%,10,"Business,Education,Technology",,,
low.study,available,78,20%,3,"Business,Finance",,,
sixtynine.study,available,78,8%,10,Mathematics,,,
adrenal.study,available,78,4%,7,"Education,Healthcare,Science",,,
diamond.study,available,76,32%,7,Fashion,,,
adhesive.study,available,76,7%,8,"Construction,Manufacturing,Technology",,,
energizing.study,available,76,3%,10,"Food and Beverage,Health and Fitness,Travel",,,
hundredth.study,available,76,1%,9,Mathematics,,,
eighteen.study,available,76,7%,8,Mathematics,,,
nineteenth.study,available,76,3%,10,Mathematics,,,
ventral.study,available,76,3%,7,Science,,,
adipose.study,available,76,2%,7,"Healthcare,Science",,,
firstrate.study,available,76,6%,10,Business,,,
thousandth.study,available,76,1%,10,Mathematics,,,
incidental.study,available,76,4%,10,"Healthcare,Insurance,Transportation",,,
ancillary.study,available,76,6%,9,"Healthcare,Manufacturing,Technology",,,
fourteenth.study,available,76,1%,10,Mathematics,,,
threed.study,available,76,7%,7,Technology,,,
adherent.study,available,76,4%,8,"Politics,Religion",,,
improvise.study,available,76,4%,9,Entertainment,,,
obscene.study,available,76,5%,7,"Entertainment,Media",,,
fifteenth.study,available,76,2%,9,Mathematics,,,
addable.study,available,76,2%,7,"Engineering,Mathematics,Science",,,
adaptive.study,available,76,28%,8,"Business,Education,Technology",,,
resultant.study,available,76,2%,9,"Healthcare,Insurance,Transportation",,,
abrasive.study,available,76,6%,8,"Construction,Manufacturing",,,
thirteenth.study,available,76,4%,10,Mathematics,,,
ague.study,available,76,2%,4,"Geography,Medicine,Science",,,
auxiliary.study,available,76,7%,9,"Healthcare,Manufacturing,Technology",,,
acoustic.study,available,76,14%,8,Science,,,
adaptable.study,available,76,9%,9,"Business,Education,Technology",,,
abnormal.study,available,74,16%,8,"Medicine,Science",,,
aberrant.study,available,74,6%,8,"Medicine,Science",,,
adamant.study,available,74,14%,7,Religion,,,
admirable.study,available,74,5%,9,"Business,Education,Healthcare",,,
broad.study,available,74,13%,5,"Entertainment,General,Media",,,
mavin.study,available,74,7%,5,"Entertainment,Fashion,Technology",,,
sensation.study,available,74,7%,9,"Entertainment,Media,Sports",,,
acuate.study,available,74,2%,6,"Engineering,Medicine,Science",,,
supra.study,available,74,25%,5,"Medicine,Science",,,
activated.study,available,74,9%,9,"Healthcare,Manufacturing,Technology",,,
adenoid.study,available,74,1%,7,"Health and Fitness,Medicine,Science",,,
manageable.study,available,74,4%,10,"Business,Education,Technology",,,
adrenergic.study,available,74,1%,10,"Education,Healthcare,Science",,,
skilful.study,available,74,3%,7,"Education,Health and Fitness,Sports",,,
adapted.study,available,74,6%,7,"Healthcare,Manufacturing,Technology",,,
cleared.study,available,74,7%,7,"Healthcare,Law,Transportation",,,
accepting.study,available,74,3%,9,"Education,Healthcare",,,
playing.study,available,74,12%,7,Entertainment,,,
realizable.study,available,74,1%,10,"Business,Education,Technology",,,
achievable.study,available,74,4%,10,"Business,Education,Technology",,,
single.study,available,74,19%,6,Sports,,,
accusative.study,available,72,0%,10,"Humanities,Law",,,
liv.study,available,72,27%,3,Mathematics,,,
addicted.study,available,72,9%,8,Healthcare,,,
seventieth.study,available,72,1%,10,Mathematics,,,
eightieth.study,available,72,1%,9,Mathematics,,,
deep.study,available,72,41%,4,"Engineering,Mathematics,Science",,,
adaptative.study,available,72,1%,10,"Business,Education,Technology",,,
adonic.study,available,72,2%,6,"Arts,Education,Entertainment",,,
absolutist.study,available,72,1%,10,"Humanities,Law,Politics",,,
ninetieth.study,available,72,1%,9,Mathematics,,,
trinity.study,available,72,18%,7,Religion,,,
ternary.study,available,72,7%,7,Mathematics,,,
engrossed.study,available,72,1%,9,"Entertainment,Media,Technology",,,
abreast.study,available,72,2%,7,"Business,Technology",,,
adiabatic.study,available,72,3%,9,"Engineering,Science",,,
improvize.study,available,72,1%,9,Entertainment,,,
adjectival.study,available,72,1%,10,Education,,,
absorbed.study,available,72,2%,8,"Entertainment,Media,Technology",,,
aching.study,available,72,4%,6,Healthcare,,,
sixtieth.study,available,72,1%,8,Mathematics,,,
champion.study,available,72,28%,8,"Entertainment,Health and Fitness,Sports",,,
adjunctive.study,available,72,1%,10,"Healthcare,Manufacturing,Technology",,,
ablaze.study,available,72,6%,6,Entertainment,,,
abloom.study,available,72,5%,6,Agriculture,,,
lovely.study,available,72,26%,6,"Entertainment,Fashion,Retail",,,
accustomed.study,available,72,1%,10,"Business,Education,Humanities",,,
existent.study,available,72,3%,8,"Mathematics,Science",,,
trey.study,available,72,14%,4,Sports,,,
admired.study,available,70,5%,7,"Business,Education,Healthcare",,,
acuminate.study,available,70,1%,9,"Engineering,Medicine,Science",,,
practiced.study,available,70,3%,9,"Education,Health and Fitness,Sports",,,
lowdown.study,available,70,6%,8,"Entertainment,Media",,,
adored.study,available,70,6%,6,"Entertainment,Fashion,Retail",,,
offhand.study,available,70,2%,7,Entertainment,,,
consequent.study,available,70,3%,10,"Business,Education,General,Technology",,,
absorbing.study,available,70,3%,9,"Entertainment,Media,Technology",,,
accumbent.study,available,70,1%,9,"Healthcare,Medicine,Science",,,
skillful.study,available,70,9%,8,"Education,Health and Fitness,Sports",,,
gymnastic.study,available,70,3%,9,"Entertainment,Sports",,,
stillborn.study,available,70,2%,9,"Medicine,Science",,,
abradant.study,available,70,1%,8,"Construction,Manufacturing",,,
recumbent.study,available,70,2%,9,"Healthcare,Medicine,Science",,,
adamantine.study,available,70,4%,10,Religion,,,
miserable.study,available,70,4%,9,Humanities,,,
adjusted.study,available,70,5%,8,"Manufacturing,Retail,Technology",,,
abulic.study,available,70,1%,6,Medicine,,,
aroused.study,available,68,3%,7,"Entertainment,Health and Fitness",,,
threesome.study,available,68,5%,9,Entertainment,,,
sevener.study,available,68,1%,7,Mathematics,,,
abducent.study,available,68,0%,8,Medicine,,,
licenced.study,available,68,2%,8,"Business,Healthcare,Insurance",,,
achaean.study,available,68,2%,7,Humanities,,,
ablative.study,available,68,3%,8,Science,,,
vindicated.study,available,68,2%,10,"Humanities,Law,Politics",,,
achaian.study,available,68,2%,7,Humanities,,,
acerate.study,available,68,1%,7,Science,,,
accredited.study,available,68,9%,10,"Business,Education,Healthcare",,,
thirtieth.study,available,68,1%,9,Mathematics,,,
decorated.study,available,68,3%,9,"Entertainment,Fashion,Retail",,,
fiftieth.study,available,68,0%,8,Mathematics,,,
ane.study,available,68,12%,3,Mathematics,,,
licensed.study,available,68,5%,8,"Business,Healthcare,Insurance",,,
ennead.study,available,68,5%,6,Mathematics,,,
fortieth.study,available,68,0%,8,Mathematics,,,
abkhas.study,available,68,0%,6,Geography,,,
abnaki.study,available,68,1%,6,Geography,,,
septenary.study,available,68,1%,9,Mathematics,,,
activating.study,available,68,3%,10,"Healthcare,Manufacturing,Technology",,,
aculeate.study,available,68,1%,8,"Engineering,Medicine,Science",,,
aberdonian.study,available,68,1%,10,Geography,,,
stygian.study,available,68,5%,7,Humanities,,,
scurvy.study,available,68,3%,6,Humanities,,,
octonary.study,available,68,1%,8,Mathematics,,,
foursome.study,available,68,4%,8,Sports,,,
overseas.study,expired,68,12%,8,"Hospitality,Travel",12/06/2024 16:44,12/06/2025 16:44,"GoDaddy.com, LLC"
exonerated.study,available,66,2%,10,"Humanities,Law,Politics",,,
xxii.study,available,66,6%,4,Mathematics,,,
acappella.study,available,66,6%,10,Entertainment,,,
xxvi.study,available,66,3%,4,Mathematics,,,
tenner.study,available,66,5%,6,Finance,,,
xiii.study,available,66,9%,4,Mathematics,,,
thirty.study,available,66,8%,6,Mathematics,,,
abstinent.study,available,66,1%,9,"Health and Fitness,Religion",,,
acrobatic.study,available,66,4%,9,"Entertainment,Sports",,,
sextet.study,available,66,1%,6,Entertainment,,,
fifty.study,available,66,12%,5,Mathematics,,,
adopted.study,available,66,4%,7,"Education,Healthcare",,,
acervate.study,available,66,1%,8,Science,,,
according.study,available,66,3%,9,"Business,Education,Technology",,,
ninety.study,available,66,11%,6,Mathematics,,,
four.study,available,66,27%,4,Mathematics,,,
century.study,available,66,17%,7,Education,,,
performing.study,available,66,6%,10,Entertainment,,,
xviii.study,available,66,5%,5,Mathematics,,,
buzzing.study,available,66,7%,7,"Entertainment,Media,Technology",,,
five.study,available,66,26%,4,Mathematics,,,
xvii.study,available,66,5%,4,Mathematics,,,
clv.study,available,66,10%,3,Mathematics,,,
teenager.study,available,66,4%,8,"Education,Entertainment,Healthcare",,,
modish.study,available,66,5%,6,Fashion,,,
six.study,available,66,26%,3,Mathematics,,,
deuce.study,available,66,9%,5,Sports,,,
xxv.study,available,66,6%,3,Mathematics,,,
latest.study,available,66,18%,6,Technology,,,
eighty.study,available,66,6%,6,Mathematics,,,
accessary.study,available,66,1%,9,"Business,Law,Technology",,,
xxi.study,available,66,10%,3,Mathematics,,,
xvi.study,available,66,5%,3,Mathematics,,,
maven.study,available,66,30%,5,"Entertainment,Fashion,Technology",,,
onec.study,available,66,6%,5,Mathematics,,,
xii.study,available,66,10%,3,Mathematics,,,
adorned.study,available,66,5%,7,"Entertainment,Fashion,Retail",,,
rising.study,available,64,18%,6,"Construction,Manufacturing,Real Estate",,,
aflame.study,available,64,3%,6,Entertainment,,,
ccc.study,available,64,38%,3,Mathematics,,,
deviant.study,available,64,12%,7,"Medicine,Science",,,
absolved.study,available,64,1%,8,"Humanities,Law,Religion",,,
acentric.study,available,64,2%,8,Science,,,
adagio.study,available,64,14%,6,Entertainment,,,
accordant.study,available,64,3%,9,"Arts,Entertainment",,,
nondrinker.study,available,64,1%,10,"Health and Fitness,Religion",,,
astringent.study,available,64,1%,10,"Healthcare,Pharmaceuticals",,,
scatty.study,available,64,1%,6,"Arts,Entertainment,Media",,,
activistic.study,available,62,1%,10,"Humanities,Politics",,,
troika.study,available,62,8%,6,Politics,,,
eleventh.study,available,62,5%,8,Mathematics,,,
chiliad.study,available,62,2%,7,Mathematics,,,
ensuant.study,available,62,1%,7,"Healthcare,Insurance,Transportation",,,
aborigine.study,available,62,1%,9,Humanities,,,
exculpated.study,available,62,1%,10,"Humanities,Law,Politics",,,
adoptive.study,available,62,1%,8,"Education,Healthcare",,,
acidic.study,available,62,5%,6,"Food and Beverage,Science",,,
abo.study,available,62,15%,3,Science,,,
eighteenth.study,available,62,1%,10,Mathematics,,,
pungent.study,available,62,1%,7,Food and Beverage,,,
wrapped.study,available,62,13%,7,"Fashion,Hospitality,Retail",,,
cumulative.study,available,62,2%,10,"Banking,Finance,Insurance",,,
admissible.study,available,62,1%,10,"Education,Healthcare,Law",,,
longdozen.study,available,62,2%,10,Mathematics,,,
aufait.study,available,62,3%,7,"Fashion,Media",,,
twodozen.study,available,62,1%,9,Mathematics,,,
fortyfour.study,available,62,6%,10,Mathematics,,,
sixteenth.study,available,62,1%,9,Mathematics,,,
playacting.study,available,62,1%,10,Entertainment,,,
accusing.study,available,62,1%,8,Law,,,
activation.study,available,62,16%,10,"Healthcare,Manufacturing,Technology",,,
accrued.study,available,62,2%,7,"Banking,Finance,Insurance",,,
orso.study,available,62,9%,5,"Business,Media,Technology",,,
roughly.study,available,62,3%,7,"Business,Media,Technology",,,
nail.study,available,62,16%,4,"Construction,Fashion,General,Retail",,,
quartet.study,available,62,7%,7,"Arts,Entertainment",,,
adjuvant.study,available,62,5%,8,"Healthcare,Manufacturing,Technology",,,
acceptive.study,available,60,1%,9,"Education,Healthcare",,,
adnate.study,available,60,1%,6,"Agriculture,Manufacturing,Retail",,,
eightysix.study,available,60,7%,10,Mathematics,,,
paunchy.study,available,60,0%,7,"Health and Fitness,Medicine",,,
clxx.study,available,60,3%,4,Mathematics,,,
annexal.study,available,60,1%,7,"Agriculture,Manufacturing,Retail",,,
sixty.study,available,60,13%,5,Mathematics,,,
cxlv.study,available,60,2%,4,Mathematics,,,
cautionary.study,available,60,1%,10,"Business,Education,Healthcare",,,
abashed.study,available,60,1%,7,Humanities,,,
cxxv.study,available,60,1%,4,Mathematics,,,
abstainer.study,available,60,0%,9,"Health and Fitness,Religion",,,
cxv.study,available,60,4%,3,Mathematics,,,
cxxxv.study,available,60,2%,5,Mathematics,,,
cxx.study,available,60,10%,3,Mathematics,,,
aboveboard.study,available,60,5%,10,"Business,Law",,,
clxxv.study,available,60,1%,5,Mathematics,,,
cxl.study,available,60,7%,3,Mathematics,,,
adnexal.study,available,60,1%,7,"Agriculture,Manufacturing,Retail",,,
clx.study,available,60,10%,3,Mathematics,,,
cxxx.study,available,60,4%,4,Mathematics,,,
idolised.study,available,60,1%,8,"Entertainment,Fashion,Retail",,,
abstemious.study,available,60,0%,10,"Food and Beverage,Health and Fitness,Hospitality",,,
idolized.study,available,60,3%,8,"Entertainment,Fashion,Retail",,,
thou.study,available,60,7%,4,Mathematics,,,
octet.study,available,60,12%,5,Arts,,,
xcl.study,available,60,5%,3,Mathematics,,,
clxxx.study,available,60,1%,5,Mathematics,,,
clxv.study,available,60,1%,4,Mathematics,,,
tercet.study,available,59,2%,6,"Arts,Entertainment,Media",,,
abused.study,available,58,5%,6,"Healthcare,Law",,,
niner.study,available,58,5%,5,Mathematics,,,
adhoc.study,available,58,24%,6,"Business,Engineering,Technology",,,
cypher.study,available,58,29%,6,Mathematics,,,
abuzz.study,available,58,5%,5,"Entertainment,Media,Technology",,,
tetrad.study,available,58,5%,6,Mathematics,,,
sixtyone.study,available,58,3%,9,Mathematics,,,
closeto.study,available,58,3%,8,"Business,Media,Technology",,,
justabout.study,available,58,3%,10,"Business,Media,Technology",,,
addible.study,available,58,2%,7,"Engineering,Mathematics,Science",,,
abridged.study,available,58,4%,8,Media,,,
actuarial.study,available,58,8%,9,"Finance,Insurance,Mathematics",,,
heptad.study,available,58,1%,6,Mathematics,,,
centesimal.study,available,58,1%,10,Mathematics,,,
eighter.study,available,58,2%,7,Mathematics,,,
octad.study,available,58,5%,5,Mathematics,,,
adient.study,available,58,4%,6,"Medicine,Science",,,
offhanded.study,available,58,1%,9,Entertainment,,,
addressed.study,available,58,3%,9,"Business,Technology,Telecommunications",,,
alacarte.study,available,58,11%,10,Food and Beverage,,,
adjustive.study,available,58,1%,9,"Manufacturing,Retail,Technology",,,
acyclic.study,available,58,4%,7,"Engineering,Mathematics,Science",,,
hexad.study,available,58,4%,5,Mathematics,,,
fifth.study,available,58,12%,5,Mathematics,,,
sextuplet.study,available,58,1%,9,Healthcare,,,
fourth.study,available,58,13%,6,Mathematics,,,
abandoned.study,available,58,10%,9,"Construction,Real Estate",,,
seventy.study,available,58,7%,7,Mathematics,,,
accented.study,available,58,3%,8,"Arts,Entertainment",,,
accoutred.study,available,58,1%,9,"Fashion,Manufacturing,Retail",,,
enwrapped.study,available,58,0%,9,"Entertainment,Fashion,Media",,,
ache.study,available,58,7%,4,Healthcare,,,
quintet.study,available,58,8%,7,"Arts,Entertainment",,,
aucourant.study,available,58,3%,10,"Fashion,Media",,,
fourscore.study,available,58,4%,9,Mathematics,,,
sixer.study,available,58,5%,5,Sports,,,
lxxx.study,available,58,2%,4,Mathematics,,,
accretive.study,available,58,6%,9,"Banking,Finance,Insurance",,,
linear.study,available,58,22%,6,"Engineering,Mathematics,Science",,,
pentad.study,available,58,2%,6,Mathematics,,,
twelfth.study,available,58,2%,7,Mathematics,,,
seven.study,available,58,36%,5,Mathematics,,,
lxxviii.study,available,58,1%,7,Mathematics,,,
acetic.study,available,58,1%,6,"Food and Beverage,Science",,,
xxxii.study,available,56,1%,5,Mathematics,,,
addled.study,available,56,2%,6,Entertainment,,,
thirtytwo.study,available,56,5%,10,Mathematics,,,
lviii.study,available,56,1%,5,Mathematics,,,
admissive.study,available,56,1%,9,"Education,Healthcare,Hospitality",,,
xlvi.study,available,56,3%,4,Mathematics,,,
xxiv.study,available,56,5%,4,Mathematics,,,
fortytwo.study,available,56,17%,9,Mathematics,,,
triad.study,available,56,15%,5,Arts,,,
fortysix.study,available,56,3%,9,Mathematics,,,
xxvii.study,available,56,3%,5,Mathematics,,,
aone.study,available,56,15%,5,Food and Beverage,,,
xxxiii.study,available,56,2%,6,Mathematics,,,
thirtysix.study,available,56,5%,10,Mathematics,,,
xxxi.study,available,56,9%,4,Mathematics,,,
xlii.study,available,56,5%,4,Mathematics,,,
lvi.study,available,56,8%,3,Mathematics,,,
fortynine.study,available,56,3%,10,Mathematics,,,
xliv.study,available,56,2%,4,Mathematics,,,
halfdozen.study,available,56,1%,10,Mathematics,,,
accoutered.study,available,56,0%,10,"Fashion,Manufacturing,Retail",,,
liii.study,available,56,4%,4,Mathematics,,,
lvii.study,available,56,1%,4,Mathematics,,,
lii.study,available,56,7%,3,Mathematics,,,
terzetto.study,available,56,3%,8,Arts,,,
fiftytwo.study,available,56,6%,9,Mathematics,,,
xxxvii.study,available,56,2%,6,Mathematics,,,
xliii.study,available,56,1%,5,Mathematics,,,
xli.study,available,56,5%,3,Mathematics,,,
fiftyfour.study,available,56,3%,10,Mathematics,,,
xxxiv.study,available,56,1%,5,Mathematics,,,
fiftynine.study,available,56,4%,10,Mathematics,,,
abdominous.study,available,56,0%,10,"Health and Fitness,Medicine",,,
appressed.study,available,56,0%,9,"Agriculture,Manufacturing,Retail",,,
xxxv.study,available,56,4%,4,Mathematics,,,
fiftysix.study,available,56,4%,9,Mathematics,,,
xlvii.study,available,56,2%,5,Mathematics,,,
abeyant.study,available,56,1%,7,"Business,Law",,,
xxix.study,available,56,4%,4,Mathematics,,,
thirtyone.study,available,56,5%,10,Mathematics,,,
maledict.study,available,56,1%,8,Religion,,,
xlv.study,available,56,6%,3,Mathematics,,,
xxxviii.study,available,56,1%,7,Mathematics,,,
fortyone.study,available,56,4%,9,Mathematics,,,
xxiii.study,available,56,5%,5,Mathematics,,,
xxxvi.study,available,56,1%,5,Mathematics,,,
ilx.study,available,56,5%,3,Mathematics,,,
fiftyfive.study,available,56,7%,10,Mathematics,,,
xlviii.study,available,56,1%,6,Mathematics,,,
potbellied.study,available,56,0%,10,"Health and Fitness,Medicine",,,
xxviii.study,available,56,1%,6,Mathematics,,,
admittable.study,available,56,1%,10,"Education,Healthcare,Hospitality",,,
admittible.study,available,56,1%,10,"Education,Healthcare,Hospitality",,,
fiftyone.study,available,56,7%,9,Mathematics,,,
aboral.study,available,54,2%,6,Science,,,
abhorrent.study,available,54,1%,9,Humanities,,,
abient.study,available,54,1%,6,Science,,,
quatern.study,available,54,2%,7,Mathematics,,,
monitory.study,available,54,3%,8,"Business,Education,Healthcare",,,
abducens.study,available,54,1%,8,Medicine,,,
quaternity.study,available,54,4%,10,Mathematics,,,
adaxial.study,available,54,2%,7,Science,,,
viii.study,available,54,6%,4,Mathematics,,,
adjuratory.study,available,54,0%,10,"Law,Politics,Religion",,,
iii.study,available,54,24%,3,Mathematics,,,
quadruplet.study,available,54,1%,10,"Healthcare,Medicine,Science",,,
deuceace.study,available,54,2%,9,Sports,,,
topnotch.study,available,54,18%,8,Business,,,
fin.study,available,54,30%,3,Finance,,,
acoustical.study,available,54,4%,10,Science,,,
achy.study,available,54,3%,4,Healthcare,,,
threescore.study,available,54,1%,10,Mathematics,,,
adducent.study,available,54,1%,8,"Engineering,Mathematics,Science",,,
quaternion.study,available,54,6%,10,Mathematics,,,
sise.study,available,54,5%,4,Mathematics,,,
accentual.study,available,54,3%,9,"Arts,Entertainment",,,
abaxial.study,available,54,1%,7,Science,,,
unnatural.study,available,54,4%,9,"Medicine,Science",,,
adpressed.study,available,54,0%,9,"Agriculture,Manufacturing,Retail",,,
twoscore.study,available,54,2%,8,Mathematics,,,
abasic.study,available,54,1%,6,Science,,,
ternion.study,available,54,3%,7,Mathematics,,,
vii.study,available,54,13%,3,Mathematics,,,
adductive.study,available,54,0%,9,"Engineering,Mathematics,Science",,,
abatable.study,available,54,1%,8,Law,,,
adducting.study,available,54,1%,9,"Engineering,Mathematics,Science",,,
fortyfive.study,available,54,4%,10,Mathematics,,,
deserted.study,available,54,3%,8,"Hospitality,Real Estate",,,
accursed.study,available,54,3%,8,"Entertainment,Media,Religion",,,
quintuplet.study,available,54,1%,10,"Healthcare,Medicine,Science",,,
achromatic.study,available,54,4%,10,Science,,,
scratchy.study,available,54,3%,8,Fashion,,,
actuated.study,available,54,2%,8,"Automotive,Manufacturing,Technology",,,
admonitory.study,available,54,0%,10,"Business,Education,Healthcare",,,
abatic.study,available,54,1%,6,Science,,,
xxx.study,available,53,30%,3,"Arts,Entertainment,Media",,,
septet.study,available,53,1%,6,General,,,
sestet.study,available,53,1%,6,Arts,,,
xciv.study,available,52,2%,4,Mathematics,,,
adenoidal.study,available,52,1%,9,"Health and Fitness,Medicine,Science",,,
abominable.study,available,52,2%,10,"Entertainment,Humanities",,,
abstruse.study,available,52,5%,8,"Humanities,Mathematics,Science",,,
xcvii.study,available,52,1%,5,Mathematics,,,
ixl.study,available,52,9%,3,Mathematics,,,
sixtyfive.study,available,52,3%,10,Mathematics,,,
ablated.study,available,52,1%,7,Science,,,
lxxvii.study,available,52,2%,6,Mathematics,,,
ninetyone.study,available,52,5%,10,Mathematics,,,
xcvi.study,available,52,2%,4,Mathematics,,,
uphill.study,available,52,7%,6,"Sports,Transportation,Travel",,,
odious.study,available,52,2%,6,"Entertainment,Humanities",,,
lxxiii.study,available,52,1%,6,Mathematics,,,
lxxii.study,available,52,1%,5,Mathematics,,,
lxiii.study,available,52,2%,5,Mathematics,,,
xciii.study,available,52,1%,5,Mathematics,,,
lxv.study,available,52,5%,3,Mathematics,,,
lxxxv.study,available,52,1%,5,Mathematics,,,
xcv.study,available,52,7%,3,Mathematics,,,
lxxi.study,available,52,1%,4,Mathematics,,,
lxxv.study,available,52,1%,4,Mathematics,,,
repulsive.study,available,52,1%,9,Humanities,,,
littlejoe.study,available,52,2%,10,"Entertainment,Media",,,
sixtysix.study,available,52,4%,9,Mathematics,,,
eightyone.study,available,52,3%,10,Mathematics,,,
aboulic.study,available,52,1%,7,Medicine,,,
chagrined.study,available,52,1%,9,Humanities,,,
detestable.study,available,52,1%,10,Humanities,,,
eightytwo.study,available,52,4%,10,Mathematics,,,
sixtyfour.study,available,52,3%,10,Mathematics,,,
lxxxvi.study,available,52,1%,6,Mathematics,,,
lxii.study,available,52,1%,4,Mathematics,,,
decumbent.study,available,52,1%,9,"Healthcare,Medicine,Science",,,
xcii.study,available,52,2%,4,Mathematics,,,
lxvii.study,available,52,1%,5,Mathematics,,,
ninetytwo.study,available,52,4%,10,Mathematics,,,
lxxiv.study,available,52,1%,5,Mathematics,,,
lxxxiii.study,available,52,1%,7,Mathematics,,,
lxxxi.study,available,52,1%,5,Mathematics,,,
xcviii.study,available,52,1%,6,Mathematics,,,
lxviii.study,available,52,1%,6,Mathematics,,,
xci.study,available,52,4%,3,Mathematics,,,
lxxvi.study,available,52,1%,5,Mathematics,,,
lxvi.study,available,52,3%,4,Mathematics,,,
lxxxvii.study,available,52,1%,7,Mathematics,,,
sixtytwo.study,available,52,3%,9,Mathematics,,,
repugnant.study,available,52,1%,9,Humanities,,,
abusive.study,available,52,3%,7,"Healthcare,Law",,,
tierce.study,available,52,3%,6,General,,,
lxiv.study,available,52,3%,4,Mathematics,,,
ninetysix.study,available,52,4%,10,Mathematics,,,
abysmal.study,available,52,4%,7,"Arts,Entertainment,Media",,,
lxxxii.study,available,52,1%,6,Mathematics,,,
lxxxiv.study,available,52,1%,6,Mathematics,,,
lxi.study,available,52,5%,3,Mathematics,,,
ixc.study,available,52,5%,3,Mathematics,,,
broached.study,available,50,0%,8,Food and Beverage,,,
acerbic.study,available,50,2%,7,"Arts,Humanities,Media",,,
acerose.study,available,50,1%,7,Science,,,
needlelike.study,available,50,0%,10,"Engineering,Medicine,Science",,,
acerb.study,available,50,2%,5,Science,,,
acquitted.study,available,50,1%,9,Law,,,
abdicable.study,available,50,0%,9,Law,,,
acetose.study,available,50,1%,7,Science,,,
abomasal.study,available,50,0%,8,Agriculture,,,
lxx.study,available,50,5%,3,Mathematics,,,
adhominem.study,available,50,2%,10,"Humanities,Law,Politics",,,
acaudal.study,available,50,1%,7,"Agriculture,Science",,,
spinous.study,available,50,1%,7,"Agriculture,Science",,,
cinque.study,available,50,7%,6,Mathematics,,,
scummy.study,available,50,1%,6,Humanities,,,
acapnotic.study,available,50,0%,9,"Healthcare,Medicine,Science",,,
quint.study,available,50,13%,5,"Arts,Entertainment",,,
acapnic.study,available,50,0%,7,"Healthcare,Medicine,Science",,,
trine.study,available,50,11%,5,"General,Religion",,,
acellular.study,available,50,1%,9,Science,,,
vinegary.study,available,50,1%,8,Food and Beverage,,,
ogdoad.study,available,50,1%,6,Mathematics,,,
gillless.study,available,50,0%,9,Science,,,
aculeated.study,available,50,0%,9,"Engineering,Medicine,Science",,,
adactylous.study,available,50,0%,10,Science,,,
abactinal.study,available,50,0%,9,Science,,,
aborticide.study,available,50,0%,10,Medicine,,,
acetous.study,available,50,1%,7,Science,,,
abranchial.study,available,50,0%,10,Science,,,
triplet.study,available,50,8%,7,Science,,,
abbatial.study,available,50,0%,8,Religion,,,
abducting.study,available,50,0%,9,Medicine,,,
notguilty.study,available,48,5%,10,Law,,,
execrable.study,available,48,0%,9,"Entertainment,Humanities",,,
abstracted.study,available,48,5%,10,"Arts,Humanities,Science",,,
lxxxviii.study,available,48,1%,8,Mathematics,,,
apriori.study,available,48,13%,8,Mathematics,,,
ilxxx.study,available,48,1%,5,Mathematics,,,
abyssal.study,available,48,12%,7,"Arts,Entertainment,Media",,,
ilxx.study,available,48,1%,4,Mathematics,,,
theabsurd.study,available,46,1%,10,"Arts,Entertainment,Media",,,
acetylic.study,available,46,1%,8,Science,,,
acetylenic.study,available,46,1%,10,Science,,,
acanthous.study,available,46,0%,9,"Agriculture,Science",,,
acicular.study,available,46,2%,8,Science,,,
acaudate.study,available,46,1%,8,"Agriculture,Science",,,
acanthoid.study,available,46,1%,9,"Agriculture,Science",,,
acarpous.study,available,46,0%,8,"Agriculture,Science",,,
stripling.study,available,46,2%,9,"Education,Entertainment,Healthcare",,,
cotyloid.study,available,46,1%,8,Science,,,
acetonic.study,available,46,1%,8,Science,,,
achenial.study,available,46,1%,8,Science,,,
acarpelous.study,available,46,0%,10,"Agriculture,Science",,,
acanthotic.study,available,46,0%,10,"Agriculture,Science",,,
acapnial.study,available,46,0%,8,"Healthcare,Medicine,Science",,,
stemless.study,available,46,2%,8,"Agriculture,Science",,,
vinegarish.study,available,46,1%,10,Food and Beverage,,,
quaternary.study,available,46,3%,10,Mathematics,,,
acephalous.study,available,46,1%,10,Science,,,
achromous.study,available,46,1%,9,Science,,,
achromic.study,available,46,2%,8,Science,,,
acetabular.study,available,46,1%,10,Science,,,
acheronian.study,available,46,1%,10,Humanities,,,
accusatory.study,available,44,1%,10,Law,,,
acherontic.study,available,44,1%,10,Humanities,,,
cotyloidal.study,available,44,1%,10,Science,,,
abscessed.study,available,41,0%,9,Healthcare,,,
phoebe.study,available,41,14%,6,Science,,,
accurst.study,available,40,1%,7,Religion,,,
accusive.study,available,40,1%,8,Law,,,
scurrilous.study,available,40,1%,10,"Entertainment,Media,Politics",,,